species,correlation_bec_poids,nb_observations,bec_moyen,poids_moyen
Gentoo,0.6691661646930205,123,47.504878048780476,5076.016260162602
Adelie,0.54886580645332,151,38.79139072847684,3700.662251655629
Chinstrap,0.5136383479489104,68,48.83382352941177,3733.0882352941176
