species,sex,poids_moyen,nb_individus
Adelie,female,3368.8356164383563,73
Adelie,male,4043.4931506849316,73
Chinstrap,female,3527.205882352941,34
Chinstrap,male,3938.970588235294,34
Gentoo,female,4679.741379310345,58
Gentoo,male,5484.836065573771,61
