species,nageoire_moyenne,nageoire_min,nageoire_max,ecart_type,nb_mesures
Gentoo,217.1869918699187,203,231,6.484975818673947,123
Chinstrap,195.8235294117647,178,212,7.1318942585781455,68
Adelie,189.95364238410596,172,210,6.539457417191293,151
